feature,importance
grade,0.49058581111009375
waterfront,0.14234498500975845
year_bin,0.09199694950025461
sqft_above,0.08294781765652609
sqft_living15,0.06285030072191351
sqft_basement_cat,0.04378970397793035
sqft_lot15,0.03368333399733451
view,0.026960698762475713
zip,0.011854206576514136
bedrooms,0.005968055267006301
floors,0.003342573629182315
condition,0.003101550794814161
yr_built_cat,0.0005740129961960799
